id,nume,kcal,proteine,carbo,grasimi,fibre,pret_per_kg,sursa,nota
piept_pui,"Piept de pui fără piele, crud",120,22.5,0,2.62,0,35,USDA FDC 171077,"Chicken, broiler or fryers, breast, skinless, boneless, meat only, raw; preț estimat 2026"
pulpe_pui,"Pulpe de pui cu piele, fără os, crude",221,16.5,0.25,16.6,0,25,USDA FDC 172385,"Chicken, broilers or fryers, thigh, meat and skin, raw; cântărește fără os; cu os, carnea e ~75% din greutate; preț estimat 2026"
pui_intreg,"Pui întreg, carne cu piele, fără oase, crud",215,18.6,0,15.1,0,17,USDA FDC 171447,"Chicken, broilers or fryers, meat and skin, raw; cântărește carnea fără oase; un pui întreg are ~70% carne cu piele; preț estimat 2026"
carne_tocata_vita,"Carne tocată de vită (80/20), crudă",254,17.2,0,20,0,45,USDA FDC 174036,"Beef, ground, 80% lean meat / 20% fat, raw; preț estimat 2026"
carne_tocata_porc,"Carne tocată de porc, crudă",263,16.9,0,21.2,0,30,USDA FDC 167902,"Pork, fresh, ground, raw; preț estimat 2026"
cotlet_porc,"Cotlet de porc fără os, crud",201,21.1,0,13,0,35,USDA FDC 168286,"Pork, fresh, loin, center loin (chops), boneless, separable lean and fat, raw; preț estimat 2026"
oua,"Ou de găină întreg, crud (fără coajă)",143,12.6,0.72,9.51,0,26,USDA FDC 171287,"Egg, whole, raw, fresh; preț estimat 2026"
lapte,"Lapte de vacă integral (3,25%)",61,3.15,4.8,3.25,0,8,USDA FDC 171265,"Milk, whole, 3.25% milkfat, with added vitamin D; preț estimat 2026"
smantana,"Smântână (tip sour cream, ~20% grăsime)",198,2.44,4.63,19.4,0,20,USDA FDC 171257,"Cream, sour, cultured; smântâna românească de 20% e apropiată; pentru 12% ia valorile de pe etichetă; preț estimat 2026"
iaurt,Iaurt simplu din lapte integral,61,3.47,4.66,3.25,0,12,USDA FDC 171284,"Yogurt, plain, whole milk; preț estimat 2026"
unt,Unt fără sare,717,0.85,0.06,81.1,0,50,USDA FDC 173430,"Butter, without salt; preț estimat 2026"
orez,"Orez alb cu bob lung, crud",365,7.13,80,0.66,1.3,8,USDA FDC 169756,"Rice, white, long-grain, regular, raw, unenriched; preț estimat 2026"
paste,Paste uscate,371,13,74.7,1.51,3.2,10,USDA FDC 168927,"Pasta, dry, unenriched; preț estimat 2026"
faina,Făină albă de grâu,364,10.3,76.3,0.98,2.7,4,USDA FDC 169761,"Wheat flour, white, all-purpose, unenriched; preț estimat 2026"
malai,Mălai (făină de porumb integrală),362,8.12,76.9,3.59,7.3,5,USDA FDC 169697,"Cornmeal, whole-grain, yellow; preț estimat 2026"
pesmet,Pesmet simplu,395,13.4,72,5.3,4.5,12,USDA FDC 174928,"Bread, crumbs, dry, grated, plain; preț estimat 2026"
cartofi,"Cartofi cruzi, cu coajă",77,2.05,17.5,0.09,2.1,4,USDA FDC 170026,"Potatoes, flesh and skin, raw; preț estimat 2026"
ceapa,"Ceapă, crudă",40,1.1,9.34,0.1,1.7,4,USDA FDC 170000,"Onions, raw; preț estimat 2026"
usturoi,"Usturoi, crud",149,6.36,33.1,0.5,2.1,25,USDA FDC 169230,"Garlic, raw; preț estimat 2026"
morcov,"Morcov, crud",41,0.93,9.58,0.24,2.8,4,USDA FDC 170393,"Carrots, raw; preț estimat 2026"
telina_radacina,"Țelină rădăcină, crudă",42,1.5,9.2,0.3,1.8,8,USDA FDC 170400,"Celeriac, raw; preț estimat 2026"
pastarnac,"Păstârnac, crud",75,1.2,18,0.3,4.9,10,USDA FDC 170417,"Parsnips, raw; preț estimat 2026"
rosii,"Roșii, crude",18,0.88,3.89,0.2,1.2,10,USDA FDC 170457,"Tomatoes, red, ripe, raw, year round average; preț estimat 2026"
rosii_conserva,"Roșii întregi în suc, conservă",16,0.79,3.47,0.25,1.9,10,USDA FDC 170051,"Tomatoes, red, ripe, canned, packed in tomato juice; preț estimat 2026"
bulion,Pastă de tomate (bulion),82,4.32,18.9,0.47,4.1,15,USDA FDC 170459,"Tomato products, canned, paste, without salt added; preț estimat 2026"
ardei_gras,"Ardei gras roșu, crud",26,0.99,6.03,0.3,2.1,12,USDA FDC 170108,"Peppers, sweet, red, raw; preț estimat 2026"
varza,"Varză albă, crudă",25,1.28,5.8,0.1,2.5,3,USDA FDC 169975,"Cabbage, raw; preț estimat 2026"
ciuperci,"Ciuperci champignon albe, crude",22,3.09,3.26,0.34,1,15,USDA FDC 169251,"Mushrooms, white, raw; preț estimat 2026"
fasole_boabe,"Fasole boabe albă, uscată",333,23.4,60.3,0.85,15.2,12,USDA FDC 175202,"Beans, white, mature seeds, raw; preț estimat 2026"
patrunjel,"Pătrunjel verde, proaspăt",36,2.97,6.33,0.79,3.3,50,USDA FDC 170416,"Parsley, fresh; preț estimat 2026"
marar,"Mărar, proaspăt",43,3.46,7.02,1.12,2.1,50,USDA FDC 172233,"Dill weed, fresh; preț estimat 2026"
lamaie_suc,"Suc de lămâie, proaspăt",22,0.35,6.9,0.24,0.3,22,USDA FDC 167747,"Lemon juice, raw; preț estimat 2026"
ulei_floarea_soarelui,Ulei de floarea-soarelui,884,0,0,100,0,10,USDA FDC 171025,"Oil, sunflower, linoleic, (approx. 65%); preț estimat 2026"
ulei_masline,Ulei de măsline,884,0,0,100,0,50,USDA FDC 171413,"Oil, olive, salad or cooking; preț estimat 2026"
zahar,Zahăr tos,387,0,100,0,0,5,USDA FDC 169655,"Sugars, granulated; preț estimat 2026"
sare,Sare de masă,0,0,0,0,0,2,USDA FDC 173468,"Salt, table; preț estimat 2026"
piper,Piper negru măcinat,251,10.4,64,3.26,25.3,120,USDA FDC 170931,"Spices, pepper, black; preț estimat 2026"
boia,Boia de ardei dulce,282,14.1,54,12.9,34.9,60,USDA FDC 171329,"Spices, paprika; USDA nu distinge boia dulce de iute; preț estimat 2026"
foi_dafin,Foi de dafin,313,7.61,75,8.36,26.3,150,USDA FDC 170917,"Spices, bay leaf; preț estimat 2026"
otet,Oțet (distilat),18,0,0.04,0,0,4,USDA FDC 172237,"Vinegar, distilled; preț estimat 2026"
apa,Apă,0,0,0,0,0,0,USDA FDC 173647,"Beverages, water, tap, drinking; preț estimat 2026"
sos_soia,Sos de soia,53,8.14,4.93,0.57,0.8,30,USDA FDC 174277,Soy sauce made from soy and wheat (shoyu); preț estimat 2026
miere,Miere,304,0.3,82.4,0,0.2,40,USDA FDC 169640,Honey; preț estimat 2026
otet_mere,Oțet de mere,21,0,0.93,0,0,8,USDA FDC 173469,"Vinegar, cider; preț estimat 2026"
ghimbir,Ghimbir proaspăt,80,1.82,17.8,0.75,2,25,USDA FDC 169231,"Ginger root, raw; preț estimat 2026"
ulei_susan,Ulei de susan,884,0,0,100,0,80,USDA FDC 171016,"Oil, sesame, salad or cooking; preț estimat 2026"
amidon_porumb,Amidon de porumb,381,0.26,91.3,0.05,0.9,12,USDA FDC 169698,Cornstarch; preț estimat 2026
seminte_susan,Semințe de susan,573,17.7,23.4,49.7,11.8,30,USDA FDC 170150,"Seeds, sesame seeds, whole, dried; preț estimat 2026"
ceapa_verde,Ceapă verde,32,1.83,7.34,0.19,2.6,20,USDA FDC 170005,"Onions, spring or scallions (includes tops and bulb), raw; preț estimat 2026"
sos_teriyaki,Sos teriyaki (din comerț),89,5.93,15.6,0.02,0.1,40,USDA FDC 171167,"Sauce, teriyaki, ready-to-serve; valoare generică; pentru exact, de pe eticheta sticlei; preț estimat 2026"
boia_afumata,Boia de ardei afumată,282,14.1,54,12.9,34.9,80,USDA FDC 171329,"Spices, paprika; USDA nu are boia afumată separat; aceleași valori ca paprika; preț estimat 2026"
